Library,Title,Date,Time,Location,Age Group,Program Type,Description,Link
Chicago Parks,Cocoa with Santa at Adams,"Wednesday, December 10, 2025",Not found,"1919 N. Seminary Ave. Chicago, IL 60614",All Ages,Recreation,Not found,https://www.chicagoparkdistrict.com/events/cocoa-santa-adams
Chicago Parks,Community Bonfire at Cornell,"Wednesday, December 10, 2025",Not found,"5473 S. Cornell Ave. Chicago, IL 60615",All Ages,Recreation,Not found,https://www.chicagoparkdistrict.com/events/community-bonfire-cornell
Chicago Parks,Holiday Art Craft at Mayfair,"Wednesday, December 10, 2025",Not found,"4550 W. Sunnyside Ave. Chicago, IL 60630",All Ages,Arts/Culture,Not found,https://www.chicagoparkdistrict.com/events/holiday-art-craft-mayfair
Chicago Parks,Santa’s Family Workshop at Horner,"Wednesday, December 10, 2025",Not found,"2741 W. Montrose Ave. Chicago, IL 60618",Kids/Family,Recreation,Not found,https://www.chicagoparkdistrict.com/events/santas-family-workshop-horner
Chicago Parks,Santa's Senior Event at Revere,"Thursday, December 11, 2025",Not found,"2509 W. Irving Park Rd. Chicago, IL 60618",Adults,Recreation,Not found,https://www.chicagoparkdistrict.com/events/santas-senior-event-revere
Chicago Parks,Senior Holiday Party at Hamilton,"Thursday, December 11, 2025",Not found,"513 W. 72nd St. Chicago, IL 60621",Adults,Arts/Culture,Not found,https://www.chicagoparkdistrict.com/events/senior-holiday-party-hamilton
Chicago Parks,Senior Winter Wonderland at Shedd,"Thursday, December 11, 2025",Not found,"3660 W. 23rd St. Chicago, IL 60623",Adults,Recreation,Not found,https://www.chicagoparkdistrict.com/events/senior-winter-wonderland-shedd
Chicago Parks,Ravinia Winter Recital at Douglass,"Thursday, December 11, 2025",Not found,"1401 S. Sacramento Dr. Chicago, IL 60623",All Ages,Recreation,Not found,https://www.chicagoparkdistrict.com/events/ravinia-winter-recital-douglass
Chicago Parks,Teen Night Out at the Park at Harrison,"Thursday, December 11, 2025",Not found,"1824 S. Wood St. Chicago, IL 60608",Teens,Recreation,Not found,https://www.chicagoparkdistrict.com/events/teen-night-out-park-harrison
Chicago Parks,Community Bonfire at Wentworth,"Thursday, December 11, 2025",Not found,"5625 S. Mobile Ave. Chicago, IL 60638",All Ages,Recreation,Not found,https://www.chicagoparkdistrict.com/events/community-bonfire-wentworth
Chicago Parks,Dance - Nutcracker Storybook Adventure at Morgan Park SC,"Thursday, December 11, 2025",Not found,"11505 S. Western Ave. Chicago, IL 60647",All Ages,Recreation,Not found,https://www.chicagoparkdistrict.com/events/dance-nutcracker-storybook-adventure-morgan-park-sc
Chicago Parks,Meet and Greet with Santa at Kedvale,"Friday, December 12, 2025",Not found,"4134 W. Hirsch St. Chicago, IL 60651",All Ages,Recreation,Not found,https://www.chicagoparkdistrict.com/events/meet-and-greet-santa-kedvale
Chicago Parks,Cookies and Canes with Santa at Graver,"Friday, December 12, 2025",Not found,"1518 W. 102nd Pl. Chicago, IL 60643",All Ages,Recreation,Not found,https://www.chicagoparkdistrict.com/events/cookies-and-canes-santa-graver-0
Chicago Parks,Cookies and Canes with Santa at Graver,"Friday, December 12, 2025",Not found,"1518 W. 102nd Pl. Chicago, IL 60643",All Ages,Recreation,Not found,https://www.chicagoparkdistrict.com/events/cookies-and-canes-santa-graver
Chicago Parks,Family Night Out Partnership at Independence,"Friday, December 12, 2025",Not found,"3945 N. Springfield Ave. Chicago, IL 60618",Kids/Family,Arts/Culture,Not found,https://www.chicagoparkdistrict.com/events/family-night-out-partnership-independence
Chicago Parks,Teen Holiday Party (Deaf & HOH) at Horner,"Friday, December 12, 2025",Not found,"2741 W. Montrose Ave. Chicago, IL 60618",Teens,Arts/Culture,Not found,https://www.chicagoparkdistrict.com/events/teen-holiday-party-deaf-hoh-horner
Chicago Parks,A Visit with Santa at Gladstone,"Friday, December 12, 2025",Not found,"5421 N. Menard Ave. Chicago, IL 60630",All Ages,Recreation,Not found,https://www.chicagoparkdistrict.com/events/visit-santa-gladstone
Chicago Parks,Dinner with Santa at Sauganash,"Friday, December 12, 2025",Not found,"5861 N. Kostner Ave. Chicago, IL 60646",All Ages,Recreation,Not found,https://www.chicagoparkdistrict.com/events/dinner-santa-sauganash
Chicago Parks,Oh Deer! Santa is Here at Hamlin,"Friday, December 12, 2025",Not found,"3035 N. Hoyne Ave. Chicago, IL 60618",All Ages,Recreation,Not found,https://www.chicagoparkdistrict.com/events/oh-deer-santa-here-hamlin
Chicago Parks,Winter Wonderfest at Dvorak,"Friday, December 12, 2025",Not found,"1119 W. Cullerton St. Chicago, IL 60608",All Ages,Recreation,Not found,https://www.chicagoparkdistrict.com/events/winter-wonderfest-dvorak
Chicago Parks,ASI SOMOS: A Digital Photo Exhibit at Humboldt,"Friday, December 12, 2025",Not found,"1440 N. Humboldt Boulevard Chicago, IL 60622",All Ages,Recreation,Not found,https://www.chicagoparkdistrict.com/events/asi-somos-digital-photo-exhibit-humboldt
Chicago Parks,Drop and Shop at Norwood,"Friday, December 12, 2025",Not found,"5801 N. Natoma Ave. Chicago, IL 60631",All Ages,Recreation,Not found,https://www.chicagoparkdistrict.com/events/drop-and-shop-norwood
Chicago Parks,Musical Medley at Austin Town Hall,"Friday, December 12, 2025",Not found,"5610 W. Lake St. Chicago, IL 60644",All Ages,Arts/Culture,Not found,https://www.chicagoparkdistrict.com/events/musical-medley-austin-town-hall
Chicago Parks,Senior Citizen Disco Dance at Hale,"Friday, December 12, 2025",Not found,"6258 W. 62nd St. Chicago, IL 60638",Adults,Recreation,Not found,https://www.chicagoparkdistrict.com/events/senior-citizen-disco-dance-hale
Chicago Parks,Ravinia Winter Recital at Douglass,"Saturday, December 13, 2025",Not found,"1401 S. Sacramento Dr. Chicago, IL 60623",All Ages,Recreation,Not found,https://www.chicagoparkdistrict.com/events/ravinia-winter-recital-douglass-0
Chicago Parks,Santa's Secret Workshop at Horner,"Saturday, December 13, 2025",Not found,"2741 W. Montrose Ave. Chicago, IL 60618",All Ages,Recreation,Not found,https://www.chicagoparkdistrict.com/events/santas-secret-workshop-horner-0
Chicago Parks,Santa's Secret Workshop at Horner,"Saturday, December 13, 2025",Not found,"2741 W. Montrose Ave. Chicago, IL 60618",All Ages,Recreation,Not found,https://www.chicagoparkdistrict.com/events/santas-secret-workshop-horner
Chicago Parks,Cocoa with Santa at Brands,"Saturday, December 13, 2025",Not found,"3285 N. Elston Ave. Chicago, IL 60618",All Ages,Recreation,Not found,https://www.chicagoparkdistrict.com/events/cocoa-santa-brands
Chicago Parks,"Cookies, Cocoa, and Crafts at Rutherford Sayre","Saturday, December 13, 2025",Not found,"6871 W. Belden Ave. Chicago, IL 60707",All Ages,Arts/Culture,Not found,https://www.chicagoparkdistrict.com/events/cookies-cocoa-and-crafts-rutherford-sayre
Chicago Parks,Swim with Santa's Helpers at Welles,"Saturday, December 13, 2025",Not found,"2333 W. Sunnyside Ave. Chicago, IL 60625",All Ages,Sports/Fitness,Not found,https://www.chicagoparkdistrict.com/events/swim-santas-helpers-welles
Chicago Parks,"Cocoa, Cookies, & Carols at Berger","Saturday, December 13, 2025",Not found,"6205 N. Sheridan Rd. Chicago, IL 60660",All Ages,Recreation,Not found,https://www.chicagoparkdistrict.com/events/cocoa-cookies-carols-berger
Chicago Parks,Holiday Joy at Shedd,"Saturday, December 13, 2025",Not found,"3660 W. 23rd St. Chicago, IL 60623",All Ages,Recreation,Not found,https://www.chicagoparkdistrict.com/events/holiday-joy-shedd
Chicago Parks,Holiday Skate with Santa at Midway Plaisance,"Saturday, December 13, 2025",Not found,"1130 Midway Plaisance North Chicago, IL 60637",All Ages,Recreation,Not found,https://www.chicagoparkdistrict.com/events/holiday-skate-santa-midway-plaisance-0
Chicago Parks,Musical Medley at Austin Town Hall,"Saturday, December 13, 2025",Not found,"5610 W. Lake St. Chicago, IL 60644",All Ages,Arts/Culture,Not found,https://www.chicagoparkdistrict.com/events/musical-medley-austin-town-hall-0
Chicago Parks,Holiday Toy & Book Giveaway at Franklin,"Saturday, December 13, 2025",Not found,"4320 W. 15th St. Chicago, IL 60623",All Ages,Recreation,Not found,https://www.chicagoparkdistrict.com/events/holiday-toy-book-giveaway-franklin
Chicago Parks,Winter Solstice Festival at NPV,"Saturday, December 13, 2025",Not found,"5801 N. Pulaski Rd. Chicago, IL 60646",All Ages,Recreation,Not found,https://www.chicagoparkdistrict.com/events/winter-solstice-festival-npv
Chicago Parks,City-Wide Symphony Orchestra Holiday Concert at Jefferson,"Saturday, December 13, 2025",Not found,Chicago Park District,All Ages,Recreation,"Copernicus Center, 5216 W. Lawrence Ave, Chicago IL 60630",https://www.chicagoparkdistrict.com/events/city-wide-symphony-orchestra-holiday-concert-jefferson
Chicago Parks,Holiday Skate with Santa at Mt. Greenwood,"Sunday, December 14, 2025",Not found,"3721 W. 111th St. Chicago, IL 60655",All Ages,Recreation,Not found,https://www.chicagoparkdistrict.com/events/holiday-skate-santa-mt-greenwood
Chicago Parks,Winter Solstice Meditation at Morgan Park SC,"Sunday, December 14, 2025",Not found,"11505 S. Western Ave. Chicago, IL 60647",All Ages,Recreation,Not found,https://www.chicagoparkdistrict.com/events/winter-solstice-meditation-morgan-park-sc
Chicago Parks,Do-It-Yourself Nutcracker at River,"Sunday, December 14, 2025",Not found,"5100 N. Francisco Ave. Chicago, IL 60611",All Ages,Recreation,Not found,https://www.chicagoparkdistrict.com/events/do-it-yourself-nutcracker-river
Chicago Parks,Veterans Boccia Clinic and Tournament at McKinley,"Monday, December 15, 2025",Not found,"2210 W. Pershing Rd. Chicago, IL 60609",All Ages,Recreation,Not found,https://www.chicagoparkdistrict.com/events/veterans-boccia-clinic-and-tournament-mckinley
Chicago Parks,Monday Night Solo Series at Berger,"Monday, December 15, 2025",Not found,"6205 N. Sheridan Rd. Chicago, IL 60660",All Ages,Recreation,Not found,https://www.chicagoparkdistrict.com/events/monday-night-solo-series-berger-9
Chicago Parks,Pilates in PJs at Rainey,"Monday, December 15, 2025",Not found,"4350 W. 79th St. Chicago, IL 60652",All Ages,Recreation,Not found,https://www.chicagoparkdistrict.com/events/pilates-pjs-rainey
Chicago Parks,Veterans Pickleball Tournament at Ellis,"Tuesday, December 16, 2025",Not found,"3520 S. Cottage Grove Ave. Chicago, IL 60653",All Ages,Recreation,Not found,https://www.chicagoparkdistrict.com/events/veterans-pickleball-tournament-ellis
Chicago Parks,Tween Tuesday at Durkin,"Tuesday, December 16, 2025",Not found,"8445 S. Kolin Ave. Chicago, IL 60652",All Ages,Recreation,Not found,https://www.chicagoparkdistrict.com/events/tween-tuesday-durkin
Chicago Parks,A Huntrix Holiday at Pasteur,"Tuesday, December 16, 2025",Not found,"5825 S. Kostner Ave Chicago, IL 60629",All Ages,Recreation,Not found,https://www.chicagoparkdistrict.com/events/huntrix-holiday-pasteur
Chicago Parks,Community Bonfire at Warren,"Tuesday, December 16, 2025",Not found,"6601 N. Western Ave. Chicago, IL 60645",All Ages,Recreation,Not found,https://www.chicagoparkdistrict.com/events/community-bonfire-warren
Chicago Parks,Owl Prowl at NPV,"Tuesday, December 16, 2025",Not found,"5801 N. Pulaski Rd. Chicago, IL 60646",All Ages,Recreation,Not found,https://www.chicagoparkdistrict.com/events/owl-prowl-npv-0
Chicago Parks,Community Meeting: Steelworkers Framework at Russell Square,"Tuesday, December 16, 2025",Not found,"3045 E. 83rd St. Chicago, IL 60617",All Ages,Recreation,Not found,https://www.chicagoparkdistrict.com/events/community-meeting-steelworkers-framework-russell-square
Chicago Parks,Holiday Hit & Fit at Park No. 571,"Wednesday, December 17, 2025",Not found,"2828 S. Eleanor St. Chicago, IL 60608",All Ages,Recreation,Not found,https://www.chicagoparkdistrict.com/events/holiday-hit-fit-park-no-571
Chicago Parks,3-on-3 Basketball Tournament at Bessemer,"Wednesday, December 17, 2025",Not found,"8930 S. Muskegon Ave. Chicago, IL 60617",All Ages,Recreation,Not found,https://www.chicagoparkdistrict.com/events/3-3-basketball-tournament-bessemer
Chicago Parks,A Huntrix Holiday at Pasteur,"Wednesday, December 17, 2025",Not found,"5825 S. Kostner Ave Chicago, IL 60629",All Ages,Recreation,Not found,https://www.chicagoparkdistrict.com/events/huntrix-holiday-pasteur-0
Chicago Parks,Community Bonfire at McKinley,"Wednesday, December 17, 2025",Not found,"2210 W. Pershing Rd. Chicago, IL 60609",All Ages,Recreation,Not found,https://www.chicagoparkdistrict.com/events/community-bonfire-mckinley
Chicago Parks,Cookies with Santa at Calumet,"Wednesday, December 17, 2025",Not found,"9801 S. Avenue G Chicago, IL 60617",All Ages,Recreation,Not found,https://www.chicagoparkdistrict.com/events/cookies-santa-calumet
Chicago Parks,Holiday Hustle at Park No. 571,"Thursday, December 18, 2025",Not found,"2828 S. Eleanor St. Chicago, IL 60608",All Ages,Recreation,Not found,https://www.chicagoparkdistrict.com/events/holiday-hustle-park-no-571
Chicago Parks,Tot Toy Give-Away at Simons,"Thursday, December 18, 2025",Not found,"1640 N. Drake Ave. Chicago, IL 60647",All Ages,Recreation,Not found,https://www.chicagoparkdistrict.com/events/tot-toy-give-away-simons
Chicago Parks,"Cocoa, Cookies & Crafts at Chicago Women's","Thursday, December 18, 2025",Not found,"1801 S. Indiana Ave. Chicago, IL 60616",All Ages,Arts/Culture,Not found,https://www.chicagoparkdistrict.com/events/cocoa-cookies-crafts-chicago-womens
Chicago Parks,Community Bonfire at Mt. Greenwood,"Thursday, December 18, 2025",Not found,"3721 W. 111th St. Chicago, IL 60655",All Ages,Recreation,Not found,https://www.chicagoparkdistrict.com/events/community-bonfire-mt-greenwood
Chicago Parks,Winter Art Workshop at Morgan Park SC,"Thursday, December 18, 2025",Not found,"11505 S. Western Ave. Chicago, IL 60647",All Ages,Arts/Culture,Not found,https://www.chicagoparkdistrict.com/events/winter-art-workshop-morgan-park-sc
Chicago Parks,Drop and Shop at Rutherford Sayre,"Friday, December 19, 2025",Not found,"6871 W. Belden Ave. Chicago, IL 60707",All Ages,Recreation,Not found,https://www.chicagoparkdistrict.com/events/drop-and-shop-rutherford-sayre
Chicago Parks,T.I.P. Holiday Basketball Jam at West Pullman,"Friday, December 19, 2025",Not found,"401 W. 123rd St. Chicago, IL 60628",All Ages,Recreation,Not found,https://www.chicagoparkdistrict.com/events/tip-holiday-basketball-jam-west-pullman
Chicago Parks,Holiday Party at La Follette,"Friday, December 19, 2025",Not found,"1333 N. Laramie Ave. Chicago, IL 60651",All Ages,Arts/Culture,Not found,https://www.chicagoparkdistrict.com/events/holiday-party-la-follette
Chicago Parks,Basketball - Open (Deaf & HOH) at Horner,"Friday, December 19, 2025",Not found,"2741 W. Montrose Ave. Chicago, IL 60618",All Ages,Recreation,Not found,https://www.chicagoparkdistrict.com/events/basketball-open-deaf-hoh-horner-0
Chicago Parks,Skate-N-Peace at Hamilton,"Friday, December 19, 2025",Not found,"513 W. 72nd St. Chicago, IL 60621",All Ages,Recreation,Not found,https://www.chicagoparkdistrict.com/events/skate-n-peace-hamilton-3
Chicago Parks,Skate-N-Peace at Hamilton,"Friday, December 19, 2025",Not found,"513 W. 72nd St. Chicago, IL 60621",All Ages,Recreation,Not found,https://www.chicagoparkdistrict.com/events/skate-n-peace-hamilton-6
Chicago Parks,Breakfast with Santa at Haas,"Saturday, December 20, 2025",Not found,"2402 N. Washtenaw Ave. Chicago, IL 60647",All Ages,Recreation,Not found,https://www.chicagoparkdistrict.com/events/breakfast-santa-haas
Chicago Parks,Winter Walk and Bonfire at Big Marsh,"Saturday, December 20, 2025",Not found,"11559 S. Stony Island Ave. Chicago, IL 60617",All Ages,Nature/Outdoors,Not found,https://www.chicagoparkdistrict.com/events/winter-walk-and-bonfire-big-marsh-0
Chicago Parks,Cocoa with Santa at White (Willye B.),"Saturday, December 20, 2025",Not found,"1610 W. Howard Chicago, IL 60626",All Ages,Recreation,Not found,https://www.chicagoparkdistrict.com/events/cocoa-santa-white-willye-b
Chicago Parks,Winter Wonderland at Union,"Saturday, December 20, 2025",Not found,"1501 W. Randolph St. Chicago, IL 60607",All Ages,Recreation,Not found,https://www.chicagoparkdistrict.com/events/winter-wonderland-union
Chicago Parks,Englewood with Santa at Hamilton,"Saturday, December 20, 2025",Not found,"513 W. 72nd St. Chicago, IL 60621",All Ages,Recreation,Not found,https://www.chicagoparkdistrict.com/events/englewood-santa-hamilton
Chicago Parks,Hot Cocoa & Toy Giveaway at LeClaire-Hearst,"Saturday, December 20, 2025",Not found,"5120 W. 44th St. Chicago, IL 60638",All Ages,Recreation,Not found,https://www.chicagoparkdistrict.com/events/hot-cocoa-toy-giveaway-leclaire-hearst
Chicago Parks,Winter Wonderland at Green Briar,"Saturday, December 20, 2025",Not found,"2650 W. Peterson Ave. Chicago, IL 60659",All Ages,Recreation,Not found,https://www.chicagoparkdistrict.com/events/winter-wonderland-green-briar
Chicago Parks,The Circus On Ice at McKinley,"Saturday, December 20, 2025",Not found,"2210 W. Pershing Rd. Chicago, IL 60609",All Ages,Recreation,Not found,https://www.chicagoparkdistrict.com/events/circus-ice-mckinley
Chicago Parks,The Circus On Ice at Warren,"Saturday, December 20, 2025",Not found,"6601 N. Western Ave. Chicago, IL 60645",All Ages,Recreation,Not found,https://www.chicagoparkdistrict.com/events/circus-ice-warren-0
Chicago Parks,The Circus On Ice at McKinley,"Sunday, December 21, 2025",Not found,"2210 W. Pershing Rd. Chicago, IL 60609",All Ages,Recreation,Not found,https://www.chicagoparkdistrict.com/events/circus-ice-mckinley-0
Chicago Parks,The Circus On Ice at Warren,"Sunday, December 21, 2025",Not found,"6601 N. Western Ave. Chicago, IL 60645",All Ages,Recreation,Not found,https://www.chicagoparkdistrict.com/events/circus-ice-warren
Chicago Parks,Mayor's 2nd Holiday Basketball Tournament at Broadway Armory,2025-12-22T10:00:00Z,"December 22, 2025","5917 N. Broadway Chicago, IL 60660",All Ages,Recreation,Not found,https://www.chicagoparkdistrict.com/events/mayors-2nd-holiday-basketball-tournament-broadway-armory
Chicago Parks,Mayor's 2nd Holiday Basketball Tournament at Washington,2025-12-22T10:00:00Z,"December 22, 2025","5531 S. King Dr. Chicago, IL 60615",All Ages,Recreation,Not found,https://www.chicagoparkdistrict.com/events/mayors-2nd-holiday-basketball-tournament-washington
Chicago Parks,Holiday Celebration at Armour Square,"Monday, December 22, 2025",Not found,"3309 S. Shields Ave. Chicago, IL 60616",All Ages,Recreation,Not found,https://www.chicagoparkdistrict.com/events/holiday-celebration-armour-square
Chicago Parks,Open House at Morgan Park SC,"Monday, December 22, 2025",Not found,"11505 S. Western Ave. Chicago, IL 60647",All Ages,Recreation,Not found,https://www.chicagoparkdistrict.com/events/open-house-morgan-park-sc
Chicago Parks,Deaf & Hard of Hearing Winter Break Extravaganza at Horner,"Tuesday, December 30, 2025",Not found,"2741 W. Montrose Ave. Chicago, IL 60618",All Ages,Recreation,Not found,https://www.chicagoparkdistrict.com/events/deaf-hard-hearing-winter-break-extravaganza-horner
Chicago Parks,The Up Next Freshman Invitational at Offsite,"Thursday, January 02, 2025",Not found,Chicago Park District,All Ages,Recreation,"Chicago Hope Academy, 2189 W. Bowler St., Chicago, Il 60612",https://www.chicagoparkdistrict.com/events/next-freshman-invitational-offsite
Chicago Parks,Out of School Program (Special Rec) at Kosciuszko,"Sunday, January 05, 2025",Not found,"2732 N. Avers Ave. Chicago, IL 60647",All Ages,Recreation,Not found,https://www.chicagoparkdistrict.com/events/out-school-program-special-rec-kosciuszko-3
Chicago Parks,Chicago's First Responder Yoga at Oriole,"Sunday, January 05, 2025",Not found,"5430 N. Olcott Ave. Chicago, IL 60656",All Ages,Recreation,Not found,https://www.chicagoparkdistrict.com/events/chicagos-first-responder-yoga-oriole-23
Chicago Parks,Basketball Shootout at Douglass,"Sunday, January 05, 2025",Not found,"1401 S. Sacramento Dr. Chicago, IL 60623",All Ages,Recreation,Not found,https://www.chicagoparkdistrict.com/events/basketball-shootout-douglass
Chicago Parks,Chicago's First Responder Yoga at Ridge,"Sunday, January 05, 2025",Not found,"1817 W. 96th Street Chicago, IL 60643",All Ages,Recreation,Not found,https://www.chicagoparkdistrict.com/events/chicagos-first-responder-yoga-ridge-22
Chicago Parks,Owl Prowl at NPV,"Monday, January 06, 2025",Not found,"5801 N. Pulaski Rd. Chicago, IL 60646",All Ages,Recreation,Not found,https://www.chicagoparkdistrict.com/events/owl-prowl-npv-1
Chicago Parks,Silver Skates at Midway Plaisance,"Monday, January 06, 2025",Not found,"1130 Midway Plaisance North Chicago, IL 60637",All Ages,Recreation,Not found,https://www.chicagoparkdistrict.com/events/silver-skates-midway-plaisance
Chicago Parks,Silver Skates at McKinley,"Tuesday, January 07, 2025",Not found,"2210 W. Pershing Rd. Chicago, IL 60609",All Ages,Recreation,Not found,https://www.chicagoparkdistrict.com/events/silver-skates-mckinley
Chicago Parks,Art Workshop at Morgan Park SC,"Wednesday, January 08, 2025",Not found,"11505 S. Western Ave. Chicago, IL 60647",All Ages,Arts/Culture,Not found,https://www.chicagoparkdistrict.com/events/art-workshop-morgan-park-sc
Chicago Parks,Silver Skates at Mt. Greenwood,"Wednesday, January 08, 2025",Not found,"3721 W. 111th St. Chicago, IL 60655",All Ages,Recreation,Not found,https://www.chicagoparkdistrict.com/events/silver-skates-mt-greenwood
Chicago Parks,Chicago's First Responder Yoga at Norwood,"Wednesday, January 08, 2025",Not found,"5801 N. Natoma Ave. Chicago, IL 60631",All Ages,Recreation,Not found,https://www.chicagoparkdistrict.com/events/chicagos-first-responder-yoga-norwood-25
Chicago Parks,Frozen Ocean Skate at Warren,"Thursday, January 09, 2025",Not found,"6601 N. Western Ave. Chicago, IL 60645",All Ages,Recreation,Not found,https://www.chicagoparkdistrict.com/events/frozen-ocean-skate-warren
Chicago Parks,Winter Walk and Bonfire at Hegewisch Marsh,"Friday, January 10, 2025",Not found,"13200-13298 S. Torrence Ave. Chicago, IL 60633",All Ages,Nature/Outdoors,Not found,https://www.chicagoparkdistrict.com/events/winter-walk-and-bonfire-hegewisch-marsh
Chicago Parks,Creative Space Grand Opening at Douglass,"Friday, January 10, 2025",Not found,"1401 S. Sacramento Dr. Chicago, IL 60623",All Ages,Recreation,Not found,https://www.chicagoparkdistrict.com/events/creative-space-grand-opening-douglass
Chicago Parks,Winter Wonder Fest at Warren,"Saturday, January 11, 2025",Not found,"6601 N. Western Ave. Chicago, IL 60645",All Ages,Recreation,Not found,https://www.chicagoparkdistrict.com/events/winter-wonder-fest-warren
Chicago Parks,Chicago's First Responder Yoga at Oriole,"Sunday, January 12, 2025",Not found,"5430 N. Olcott Ave. Chicago, IL 60656",All Ages,Recreation,Not found,https://www.chicagoparkdistrict.com/events/chicagos-first-responder-yoga-oriole-24
Chicago Parks,Chicago's First Responder Yoga at Ridge,"Sunday, January 12, 2025",Not found,"1817 W. 96th Street Chicago, IL 60643",All Ages,Recreation,Not found,https://www.chicagoparkdistrict.com/events/chicagos-first-responder-yoga-ridge-23
Chicago Parks,Tween Tuesday at Brainerd,"Monday, January 13, 2025",Not found,"1246 W. 92nd St. Chicago, IL 60620",All Ages,Recreation,Not found,https://www.chicagoparkdistrict.com/events/tween-tuesday-brainerd-0
Chicago Parks,Silver Skates at Warren,"Tuesday, January 14, 2025",Not found,"6601 N. Western Ave. Chicago, IL 60645",All Ages,Recreation,Not found,https://www.chicagoparkdistrict.com/events/silver-skates-warren
Chicago Parks,Silver Skates at Wentworth,"Wednesday, January 15, 2025",Not found,"5625 S. Mobile Ave. Chicago, IL 60638",All Ages,Recreation,Not found,https://www.chicagoparkdistrict.com/events/silver-skates-wentworth
Chicago Parks,Chicago's First Responder Yoga at Norwood,"Wednesday, January 15, 2025",Not found,"5801 N. Natoma Ave. Chicago, IL 60631",All Ages,Recreation,Not found,https://www.chicagoparkdistrict.com/events/chicagos-first-responder-yoga-norwood-26
Chicago Parks,Frozen Ocean Skate at McKinley,"Thursday, January 16, 2025",Not found,"2210 W. Pershing Rd. Chicago, IL 60609",All Ages,Recreation,Not found,https://www.chicagoparkdistrict.com/events/frozen-ocean-skate-mckinley
Chicago Parks,Stewardship Days at Big Marsh,"Friday, January 17, 2025",Not found,"11559 S. Stony Island Ave. Chicago, IL 60617",All Ages,Recreation,Not found,https://www.chicagoparkdistrict.com/events/stewardship-days-big-marsh-1
Chicago Parks,Snowy Owl Irruption! at NPV,"Friday, January 17, 2025",Not found,"5801 N. Pulaski Rd. Chicago, IL 60646",All Ages,Recreation,Not found,https://www.chicagoparkdistrict.com/events/snowy-owl-irruption-npv
Chicago Parks,Toy Swap & Share at Sheil,"Friday, January 17, 2025",Not found,"3505 N. Southport Ave. Chicago, IL 60657",All Ages,Recreation,Not found,https://www.chicagoparkdistrict.com/events/toy-swap-share-sheil
Chicago Parks,Winter Wonder Fest at Midway Plaisance,"Saturday, January 18, 2025",Not found,"1130 Midway Plaisance North Chicago, IL 60637",All Ages,Recreation,Not found,https://www.chicagoparkdistrict.com/events/winter-wonder-fest-midway-plaisance
Chicago Parks,Deaf & HOH Family Skate at Mt. Greenwood,"Saturday, January 18, 2025",Not found,"3721 W. 111th St. Chicago, IL 60655",Kids/Family,Recreation,Not found,https://www.chicagoparkdistrict.com/events/deaf-hoh-family-skate-mt-greenwood
Chicago Parks,Gaga Ball Tournament at Olympia,"Sunday, January 19, 2025",Not found,"6566 N. Avondale Ave. Chicago, IL 60631",All Ages,Recreation,Not found,https://www.chicagoparkdistrict.com/events/gaga-ball-tournament-olympia
Chicago Parks,Play in the Park Girls Clinic at Douglass,"Sunday, January 19, 2025",Not found,"1401 S. Sacramento Dr. Chicago, IL 60623",All Ages,Recreation,Not found,https://www.chicagoparkdistrict.com/events/play-park-girls-clinic-douglass-0
Chicago Parks,Tween Tuesday at Durkin,"Monday, January 20, 2025",Not found,"8445 S. Kolin Ave. Chicago, IL 60652",All Ages,Recreation,Not found,https://www.chicagoparkdistrict.com/events/tween-tuesday-durkin-0
Chicago Parks,Chicago's First Responder Yoga at Norwood,"Wednesday, January 22, 2025",Not found,"5801 N. Natoma Ave. Chicago, IL 60631",All Ages,Recreation,Not found,https://www.chicagoparkdistrict.com/events/chicagos-first-responder-yoga-norwood-27
Chicago Parks,Frozen Ocean Skate at Midway Plaisance,"Thursday, January 23, 2025",Not found,"1130 Midway Plaisance North Chicago, IL 60637",All Ages,Recreation,Not found,https://www.chicagoparkdistrict.com/events/frozen-ocean-skate-midway-plaisance
Chicago Parks,Blizzard Bash at Olympia,"Friday, January 24, 2025",Not found,"6566 N. Avondale Ave. Chicago, IL 60631",All Ages,Recreation,Not found,https://www.chicagoparkdistrict.com/events/blizzard-bash-olympia
Chicago Parks,Polar Adventure Day at Northerly Island,"Friday, January 24, 2025",Not found,"1521 S. Linn White Dr. Chicago, IL 60605",All Ages,Recreation,Not found,https://www.chicagoparkdistrict.com/events/polar-adventure-day-northerly-island
Chicago Parks,Chicago's First Responder Yoga at Oriole,"Sunday, January 26, 2025",Not found,"5430 N. Olcott Ave. Chicago, IL 60656",All Ages,Recreation,Not found,https://www.chicagoparkdistrict.com/events/chicagos-first-responder-yoga-oriole-25
Chicago Parks,Chicago's First Responder Yoga at Ridge,"Sunday, January 26, 2025",Not found,"1817 W. 96th Street Chicago, IL 60643",All Ages,Recreation,Not found,https://www.chicagoparkdistrict.com/events/chicagos-first-responder-yoga-ridge-24
Chicago Parks,Animal Tales at Big Marsh,"Monday, January 27, 2025",Not found,"11559 S. Stony Island Ave. Chicago, IL 60617",All Ages,Recreation,Not found,https://www.chicagoparkdistrict.com/events/animal-tales-big-marsh-2
Chicago Parks,Tween Tuesday at Tarkington,"Monday, January 27, 2025",Not found,"3344 West 71st St Chicago, IL 60629",All Ages,Recreation,Not found,https://www.chicagoparkdistrict.com/events/tween-tuesday-tarkington-0
Chicago Parks,Chicago's First Responder Yoga at Norwood,"Wednesday, January 29, 2025",Not found,"5801 N. Natoma Ave. Chicago, IL 60631",All Ages,Recreation,Not found,https://www.chicagoparkdistrict.com/events/chicagos-first-responder-yoga-norwood-28
Chicago Parks,Frozen Ocean Skate at Mt. Greenwood,"Thursday, January 30, 2025",Not found,"3721 W. 111th St. Chicago, IL 60655",All Ages,Recreation,Not found,https://www.chicagoparkdistrict.com/events/frozen-ocean-skate-mt-greenwood
Chicago Parks,Tween Tuesday at Lindblom,"Monday, February 03, 2025",Not found,"6054 S. Damen Ave. Chicago, IL 60636",All Ages,Recreation,Not found,https://www.chicagoparkdistrict.com/events/tween-tuesday-lindblom-0
Chicago Parks,Chicago's First Responder Yoga at Norwood,"Wednesday, February 05, 2025",Not found,"5801 N. Natoma Ave. Chicago, IL 60631",All Ages,Recreation,Not found,https://www.chicagoparkdistrict.com/events/chicagos-first-responder-yoga-norwood-29
Chicago Parks,Family Movie Night at Sheil,"Thursday, February 06, 2025",Not found,"3505 N. Southport Ave. Chicago, IL 60657",Kids/Family,Recreation,Not found,https://www.chicagoparkdistrict.com/events/family-movie-night-sheil-0
Chicago Parks,Family Valentine's Dance at Gompers,"Thursday, February 06, 2025",Not found,"4222 W. Foster Ave. Chicago, IL 60630",Kids/Family,Recreation,Not found,https://www.chicagoparkdistrict.com/events/family-valentines-dance-gompers
Chicago Parks,Frozen Ocean Skate at Wentworth,"Thursday, February 06, 2025",Not found,"5625 S. Mobile Ave. Chicago, IL 60638",All Ages,Recreation,Not found,https://www.chicagoparkdistrict.com/events/frozen-ocean-skate-wentworth
Chicago Parks,Winter Walk and Bonfire at Big Marsh,"Friday, February 07, 2025",Not found,"11559 S. Stony Island Ave. Chicago, IL 60617",All Ages,Nature/Outdoors,Not found,https://www.chicagoparkdistrict.com/events/winter-walk-and-bonfire-big-marsh-1
Chicago Parks,Inspiration Station at Olympia,"Friday, February 07, 2025",Not found,"6566 N. Avondale Ave. Chicago, IL 60631",All Ages,Recreation,Not found,https://www.chicagoparkdistrict.com/events/inspiration-station-olympia
Chicago Parks,Inspiration Station at Olympia,"Friday, February 07, 2025",Not found,"6566 N. Avondale Ave. Chicago, IL 60631",All Ages,Recreation,Not found,https://www.chicagoparkdistrict.com/events/inspiration-station-olympia-2
Chicago Parks,Daddy Daughter Dance at Sheil,"Friday, February 07, 2025",Not found,"3505 N. Southport Ave. Chicago, IL 60657",All Ages,Recreation,Not found,https://www.chicagoparkdistrict.com/events/daddy-daughter-dance-sheil
Chicago Parks,Puzzle Exchange at Jefferson,"Saturday, February 08, 2025",Not found,"4822 N. Long Ave. Chicago, IL 60630",All Ages,Recreation,Not found,https://www.chicagoparkdistrict.com/events/puzzle-exchange-jefferson-1
Chicago Parks,Chicago's First Responder Yoga at Oriole,"Sunday, February 09, 2025",Not found,"5430 N. Olcott Ave. Chicago, IL 60656",All Ages,Recreation,Not found,https://www.chicagoparkdistrict.com/events/chicagos-first-responder-yoga-oriole-26
Chicago Parks,Valentine's Day Art Workshop at Morgan Park SC,"Sunday, February 09, 2025",Not found,"11505 S. Western Ave. Chicago, IL 60647",All Ages,Arts/Culture,Not found,https://www.chicagoparkdistrict.com/events/valentines-day-art-workshop-morgan-park-sc-0
Chicago Parks,Chicago's First Responder Yoga at Ridge,"Sunday, February 09, 2025",Not found,"1817 W. 96th Street Chicago, IL 60643",All Ages,Recreation,Not found,https://www.chicagoparkdistrict.com/events/chicagos-first-responder-yoga-ridge-25
Chicago Parks,Valentine's Day Art Workshop at Morgan Park SC,"Sunday, February 09, 2025",Not found,"11505 S. Western Ave. Chicago, IL 60647",All Ages,Arts/Culture,Not found,https://www.chicagoparkdistrict.com/events/valentines-day-art-workshop-morgan-park-sc
Chicago Parks,Tween Tuesday at Carver,"Monday, February 10, 2025",Not found,"939 E. 132nd St. Chicago, IL 60827",All Ages,Recreation,Not found,https://www.chicagoparkdistrict.com/events/tween-tuesday-carver-0
Chicago Parks,Veterans Windy City Winter Sports Clinic at McKinley,"Tuesday, February 11, 2025",Not found,"2210 W. Pershing Rd. Chicago, IL 60609",All Ages,Sports/Fitness,Not found,https://www.chicagoparkdistrict.com/events/veterans-windy-city-winter-sports-clinic-mckinley-0
Chicago Parks,Chicago's First Responder Yoga at Norwood,"Wednesday, February 12, 2025",Not found,"5801 N. Natoma Ave. Chicago, IL 60631",All Ages,Recreation,Not found,https://www.chicagoparkdistrict.com/events/chicagos-first-responder-yoga-norwood-30
Chicago Parks,Family Valentine's Dance at Welles,"Thursday, February 13, 2025",Not found,"2333 W. Sunnyside Ave. Chicago, IL 60625",Kids/Family,Recreation,Not found,https://www.chicagoparkdistrict.com/events/family-valentines-dance-welles-0
Chicago Parks,Valentine's Dance at West Lawn,"Thursday, February 13, 2025",Not found,"4233 W. 65th St. Chicago, IL 60629",All Ages,Recreation,Not found,https://www.chicagoparkdistrict.com/events/valentines-dance-west-lawn-0
Chicago Parks,Love is in the Air Skate at McKinley,"Friday, February 14, 2025",Not found,"2210 W. Pershing Rd. Chicago, IL 60609",All Ages,Recreation,Not found,https://www.chicagoparkdistrict.com/events/love-air-skate-mckinley
Chicago Parks,Love is in the Air Skate at Midway Plaisance,"Friday, February 14, 2025",Not found,"1130 Midway Plaisance North Chicago, IL 60637",All Ages,Recreation,Not found,https://www.chicagoparkdistrict.com/events/love-air-skate-midway-plaisance
Chicago Parks,Love is in the Air Skate at Mt. Greenwood,"Friday, February 14, 2025",Not found,"3721 W. 111th St. Chicago, IL 60655",All Ages,Recreation,Not found,https://www.chicagoparkdistrict.com/events/love-air-skate-mt-greenwood
Chicago Parks,Love is in the Air Skate at Warren,"Friday, February 14, 2025",Not found,"6601 N. Western Ave. Chicago, IL 60645",All Ages,Recreation,Not found,https://www.chicagoparkdistrict.com/events/love-air-skate-warren
Chicago Parks,Love is in the Air Skate at Wentworth,"Friday, February 14, 2025",Not found,"5625 S. Mobile Ave. Chicago, IL 60638",All Ages,Recreation,Not found,https://www.chicagoparkdistrict.com/events/love-air-skate-wentworth
Chicago Parks,Girls Day of P.L.A.Y. (Special Rec) at Welles,"Monday, February 17, 2025",Not found,"2333 W. Sunnyside Ave. Chicago, IL 60625",All Ages,Recreation,Not found,https://www.chicagoparkdistrict.com/events/girls-day-play-special-rec-welles-1
Chicago Parks,Girls Day of P.L.A.Y. at Blackhawk,"Monday, February 17, 2025",Not found,"2318 N. Lavergne Ave. Chicago, IL 60639",All Ages,Recreation,Not found,https://www.chicagoparkdistrict.com/events/girls-day-play-blackhawk
Chicago Parks,Girls Day of P.L.A.Y. at Brands,"Monday, February 17, 2025",Not found,"3285 N. Elston Ave. Chicago, IL 60618",All Ages,Recreation,Not found,https://www.chicagoparkdistrict.com/events/girls-day-play-brands
Chicago Parks,Girls Day of P.L.A.Y. at Broadway Armory,"Monday, February 17, 2025",Not found,"5917 N. Broadway Chicago, IL 60660",All Ages,Recreation,Not found,https://www.chicagoparkdistrict.com/events/girls-day-play-broadway-armory-0
Chicago Parks,Girls Day of P.L.A.Y. at Donovan,"Monday, February 17, 2025",Not found,"3620 S. Lituanica Ave. Chicago, IL 60609",All Ages,Recreation,Not found,https://www.chicagoparkdistrict.com/events/girls-day-play-donovan-0
Chicago Parks,Girls Day of P.L.A.Y. at Dvorak,"Monday, February 17, 2025",Not found,"1119 W. Cullerton St. Chicago, IL 60608",All Ages,Recreation,Not found,https://www.chicagoparkdistrict.com/events/girls-day-play-dvorak
Chicago Parks,Girls Day of P.L.A.Y. at Ellis,"Monday, February 17, 2025",Not found,"3520 S. Cottage Grove Ave. Chicago, IL 60653",All Ages,Recreation,Not found,https://www.chicagoparkdistrict.com/events/girls-day-play-ellis
Chicago Parks,Girls Day of P.L.A.Y. at Eugene Field,"Monday, February 17, 2025",Not found,"5100 N. Ridgeway Ave. Chicago, IL 60625",All Ages,Recreation,Not found,https://www.chicagoparkdistrict.com/events/girls-day-play-eugene-field-0
Chicago Parks,Girls Day of P.L.A.Y. at Gill,"Monday, February 17, 2025",Not found,"825 W. Sheridan Rd. Chicago, IL 60613",All Ages,Recreation,Not found,https://www.chicagoparkdistrict.com/events/girls-day-play-gill-1
Chicago Parks,Girls Day of P.L.A.Y. at Independence,"Monday, February 17, 2025",Not found,"3945 N. Springfield Ave. Chicago, IL 60618",All Ages,Recreation,Not found,https://www.chicagoparkdistrict.com/events/girls-day-play-independence-1
Chicago Parks,Girls Day of P.L.A.Y. at Olympia,"Monday, February 17, 2025",Not found,"6566 N. Avondale Ave. Chicago, IL 60631",All Ages,Recreation,Not found,https://www.chicagoparkdistrict.com/events/girls-day-play-olympia-0
Chicago Parks,Girls Day of P.L.A.Y. at Piotrowski,"Monday, February 17, 2025",Not found,"4247 W. 31st St. Chicago, IL 60623",All Ages,Recreation,Not found,https://www.chicagoparkdistrict.com/events/girls-day-play-piotrowski-0
Chicago Parks,Girls Day of P.L.A.Y. at Piotrowski,"Monday, February 17, 2025",Not found,"4247 W. 31st St. Chicago, IL 60623",All Ages,Recreation,Not found,https://www.chicagoparkdistrict.com/events/girls-day-play-piotrowski-1
Chicago Parks,Girls Day of P.L.A.Y. at Pulaski,"Monday, February 17, 2025",Not found,"1419 W. Blackhawk St. Chicago, IL 60642",All Ages,Recreation,Not found,https://www.chicagoparkdistrict.com/events/girls-day-play-pulaski
Chicago Parks,Girls Day of P.L.A.Y. at Welles,"Monday, February 17, 2025",Not found,"2333 W. Sunnyside Ave. Chicago, IL 60625",All Ages,Recreation,Not found,https://www.chicagoparkdistrict.com/events/girls-day-play-welles-0
Chicago Parks,Girls Day of P.L.A.Y. at West Lawn,"Monday, February 17, 2025",Not found,"4233 W. 65th St. Chicago, IL 60629",All Ages,Recreation,Not found,https://www.chicagoparkdistrict.com/events/girls-day-play-west-lawn-0
Chicago Parks,Girls Day of P.L.A.Y. at West Pullman,"Monday, February 17, 2025",Not found,"401 W. 123rd St. Chicago, IL 60628",All Ages,Recreation,Not found,https://www.chicagoparkdistrict.com/events/girls-day-play-west-pullman
Chicago Parks,Girls Day of P.L.A.Y. at Wilson (Frank J.),"Monday, February 17, 2025",Not found,"4630 N. Milwaukee Ave. Chicago, IL 60630",All Ages,Recreation,Not found,https://www.chicagoparkdistrict.com/events/girls-day-play-wilson-frank-j-1
Chicago Parks,Out of School Program (Special Rec) at Kosciuszko,"Monday, February 17, 2025",Not found,"2732 N. Avers Ave. Chicago, IL 60647",All Ages,Recreation,Not found,https://www.chicagoparkdistrict.com/events/out-school-program-special-rec-kosciuszko-4
Chicago Parks,Girls Day of P.L.A.Y. at Carver,"Monday, February 17, 2025",Not found,"939 E. 132nd St. Chicago, IL 60827",All Ages,Recreation,Not found,https://www.chicagoparkdistrict.com/events/girls-day-play-carver-0
Chicago Parks,Girls Day of P.L.A.Y. at Foster,"Monday, February 17, 2025",Not found,"1440 W. 84th St. Chicago, IL 60620",All Ages,Recreation,Not found,https://www.chicagoparkdistrict.com/events/girls-day-play-foster-0
Chicago Parks,Girls Day of P.L.A.Y. at Harris,"Monday, February 17, 2025",Not found,"6200 S. Drexel Ave. Chicago, IL 60637",All Ages,Recreation,Not found,https://www.chicagoparkdistrict.com/events/girls-day-play-harris-1
Chicago Parks,Girls Day of P.L.A.Y. at Homan Square,"Monday, February 17, 2025",Not found,"3559 W. Arthington Chicago, IL 60624",All Ages,Recreation,Not found,https://www.chicagoparkdistrict.com/events/girls-day-play-homan-square-0
Chicago Parks,Skating Party at Douglass,"Monday, February 17, 2025",Not found,"1401 S. Sacramento Dr. Chicago, IL 60623",All Ages,Arts/Culture,Not found,https://www.chicagoparkdistrict.com/events/skating-party-douglass
Chicago Parks,Tween Tuesday at Palmer,"Monday, February 17, 2025",Not found,"201 E. 111th St. Chicago, IL 60628",All Ages,Recreation,Not found,https://www.chicagoparkdistrict.com/events/tween-tuesday-palmer-0
Chicago Parks,Chicago's First Responder Yoga at Norwood,"Wednesday, February 19, 2025",Not found,"5801 N. Natoma Ave. Chicago, IL 60631",All Ages,Recreation,Not found,https://www.chicagoparkdistrict.com/events/chicagos-first-responder-yoga-norwood-31
Chicago Parks,Polar Adventure Day at Big Marsh,"Friday, February 21, 2025",Not found,"11559 S. Stony Island Ave. Chicago, IL 60617",All Ages,Recreation,Not found,https://www.chicagoparkdistrict.com/events/polar-adventure-day-big-marsh-0
Chicago Parks,Chicago's First Responder Yoga at Oriole,"Sunday, February 23, 2025",Not found,"5430 N. Olcott Ave. Chicago, IL 60656",All Ages,Recreation,Not found,https://www.chicagoparkdistrict.com/events/chicagos-first-responder-yoga-oriole-27
Chicago Parks,Chicago's First Responder Yoga at Ridge,"Sunday, February 23, 2025",Not found,"1817 W. 96th Street Chicago, IL 60643",All Ages,Recreation,Not found,https://www.chicagoparkdistrict.com/events/chicagos-first-responder-yoga-ridge-26
Chicago Parks,Animal Tales at Big Marsh,"Monday, February 24, 2025",Not found,"11559 S. Stony Island Ave. Chicago, IL 60617",All Ages,Recreation,Not found,https://www.chicagoparkdistrict.com/events/animal-tales-big-marsh-3
Chicago Parks,Tween Tuesday at Dooley Playground,"Monday, February 24, 2025",Not found,"3402 W. 77th St. Chicago, IL 60652",All Ages,Recreation,Not found,https://www.chicagoparkdistrict.com/events/tween-tuesday-dooley-playground-0
Chicago Parks,Chicago's First Responder Yoga at Norwood,"Wednesday, February 26, 2025",Not found,"5801 N. Natoma Ave. Chicago, IL 60631",All Ages,Recreation,Not found,https://www.chicagoparkdistrict.com/events/chicagos-first-responder-yoga-norwood-32
Chicago Parks,Basketball - Open (Deaf & HOH) at Archer,"Thursday, February 27, 2025",Not found,"4901 S. Kilbourn Ave. Chicago, IL 60632",All Ages,Recreation,Not found,https://www.chicagoparkdistrict.com/events/basketball-open-deaf-hoh-archer
Chicago Parks,Stewardship Days at Big Marsh,"Friday, February 28, 2025",Not found,"11559 S. Stony Island Ave. Chicago, IL 60617",All Ages,Recreation,Not found,https://www.chicagoparkdistrict.com/events/stewardship-days-big-marsh-2
Chicago Parks,Chicago's First Responder Yoga at Oriole,"Sunday, March 02, 2025",Not found,"5430 N. Olcott Ave. Chicago, IL 60656",All Ages,Recreation,Not found,https://www.chicagoparkdistrict.com/events/chicagos-first-responder-yoga-oriole-28
Chicago Parks,Chicago's First Responder Yoga at Ridge,"Sunday, March 02, 2025",Not found,"1817 W. 96th Street Chicago, IL 60643",All Ages,Recreation,Not found,https://www.chicagoparkdistrict.com/events/chicagos-first-responder-yoga-ridge-27
Chicago Parks,Dr. Seuss Day at Dvorak,"Monday, March 03, 2025",Not found,"1119 W. Cullerton St. Chicago, IL 60608",All Ages,Recreation,Not found,https://www.chicagoparkdistrict.com/events/dr-seuss-day-dvorak
Chicago Parks,Tween Tuesday at Homan Square,"Monday, March 03, 2025",Not found,"3559 W. Arthington Chicago, IL 60624",All Ages,Recreation,Not found,https://www.chicagoparkdistrict.com/events/tween-tuesday-homan-square-0
Chicago Parks,Chicago's First Responder Yoga at Norwood,"Wednesday, March 05, 2025",Not found,"5801 N. Natoma Ave. Chicago, IL 60631",All Ages,Recreation,Not found,https://www.chicagoparkdistrict.com/events/chicagos-first-responder-yoga-norwood-33
Chicago Parks,Khecari - Resource Share Residency Show at Indian Boundary,"Thursday, March 06, 2025",Not found,"2500 W. Lunt Ave. Chicago, IL 60645",All Ages,Recreation,Not found,https://www.chicagoparkdistrict.com/events/khecari-resource-share-residency-show-indian-boundary
Chicago Parks,Winter Walk and Bonfire at Byrnes,"Friday, March 07, 2025",Not found,"2200 E. 103rd St. Chicago, IL 60617",All Ages,Nature/Outdoors,Not found,https://www.chicagoparkdistrict.com/events/winter-walk-and-bonfire-byrnes
Chicago Parks,Deaf & Hard-of-Hearing Teen Opportunity Fair at Park No. 596,"Friday, March 07, 2025",Not found,"4830 S. Western Ave. Chicago, IL 60609",Teens,Recreation,Not found,https://www.chicagoparkdistrict.com/events/deaf-hard-hearing-teen-opportunity-fair-park-no-596-0
Chicago Parks,Inspiration Station at Olympia,"Friday, March 07, 2025",Not found,"6566 N. Avondale Ave. Chicago, IL 60631",All Ages,Recreation,Not found,https://www.chicagoparkdistrict.com/events/inspiration-station-olympia-0
Chicago Parks,Inspiration Station at Olympia,"Friday, March 07, 2025",Not found,"6566 N. Avondale Ave. Chicago, IL 60631",All Ages,Recreation,Not found,https://www.chicagoparkdistrict.com/events/inspiration-station-olympia-1
Chicago Parks,Chicago's First Responder Yoga at Oriole,"Sunday, March 09, 2025",Not found,"5430 N. Olcott Ave. Chicago, IL 60656",All Ages,Recreation,Not found,https://www.chicagoparkdistrict.com/events/chicagos-first-responder-yoga-oriole-29
Chicago Parks,Chicago's First Responder Yoga at Ridge,"Sunday, March 09, 2025",Not found,"1817 W. 96th Street Chicago, IL 60643",All Ages,Recreation,Not found,https://www.chicagoparkdistrict.com/events/chicagos-first-responder-yoga-ridge-28
Chicago Parks,Tween Tuesday at Eugene Field,"Monday, March 10, 2025",Not found,"5100 N. Ridgeway Ave. Chicago, IL 60625",All Ages,Recreation,Not found,https://www.chicagoparkdistrict.com/events/tween-tuesday-eugene-field-0
Chicago Parks,Chicago's First Responder Yoga at Norwood,"Wednesday, March 12, 2025",Not found,"5801 N. Natoma Ave. Chicago, IL 60631",All Ages,Recreation,Not found,https://www.chicagoparkdistrict.com/events/chicagos-first-responder-yoga-norwood-34
Chicago Parks,Spring into Science at Big Marsh,2026-03-17T08:30:00Z,"March 17, 2026",Chicago Park District,All Ages,Recreation,Ford Calumet Environmental Center,https://www.chicagoparkdistrict.com/events/spring-science-big-marsh
Chicago Parks,Out of School Program (Special Rec) at Kosciuszko,"Monday, March 17, 2025",Not found,"2732 N. Avers Ave. Chicago, IL 60647",All Ages,Recreation,Not found,https://www.chicagoparkdistrict.com/events/out-school-program-special-rec-kosciuszko-6
Chicago Parks,Out of School Program (Special Rec) at Kosciuszko,"Tuesday, March 18, 2025",Not found,"2732 N. Avers Ave. Chicago, IL 60647",All Ages,Recreation,Not found,https://www.chicagoparkdistrict.com/events/out-school-program-special-rec-kosciuszko-5
Chicago Parks,Stewardship Days at Big Marsh,"Friday, March 21, 2025",Not found,"11559 S. Stony Island Ave. Chicago, IL 60617",All Ages,Recreation,Not found,https://www.chicagoparkdistrict.com/events/stewardship-days-big-marsh-3
Chicago Parks,City-Wide Symphony Orchestra Concert at Jefferson,"Saturday, March 22, 2025",Not found,"4822 N. Long Ave. Chicago, IL 60630",All Ages,Recreation,Not found,https://www.chicagoparkdistrict.com/events/city-wide-symphony-orchestra-concert-jefferson-0
Chicago Parks,Out of School Program (Special Rec) at Kosciuszko,"Sunday, March 23, 2025",Not found,"2732 N. Avers Ave. Chicago, IL 60647",All Ages,Recreation,Not found,https://www.chicagoparkdistrict.com/events/out-school-program-special-rec-kosciuszko-7
Chicago Parks,Out of School Program (Special Rec) at Kosciuszko,"Monday, March 24, 2025",Not found,"2732 N. Avers Ave. Chicago, IL 60647",All Ages,Recreation,Not found,https://www.chicagoparkdistrict.com/events/out-school-program-special-rec-kosciuszko-8
Chicago Parks,Out of School Program (Special Rec) at Kosciuszko,"Tuesday, March 25, 2025",Not found,"2732 N. Avers Ave. Chicago, IL 60647",All Ages,Recreation,Not found,https://www.chicagoparkdistrict.com/events/out-school-program-special-rec-kosciuszko-9
Chicago Parks,Gym Showcase at West Lawn,"Tuesday, March 25, 2025",Not found,"4233 W. 65th St. Chicago, IL 60629",All Ages,Recreation,Not found,https://www.chicagoparkdistrict.com/events/gym-showcase-west-lawn
Chicago Parks,Out of School Program (Special Rec) at Kosciuszko,"Wednesday, March 26, 2025",Not found,"2732 N. Avers Ave. Chicago, IL 60647",All Ages,Recreation,Not found,https://www.chicagoparkdistrict.com/events/out-school-program-special-rec-kosciuszko-10
Chicago Parks,Out of School Program (Special Rec) at Kosciuszko,"Thursday, March 27, 2025",Not found,"2732 N. Avers Ave. Chicago, IL 60647",All Ages,Recreation,Not found,https://www.chicagoparkdistrict.com/events/out-school-program-special-rec-kosciuszko-11
Chicago Parks,Bunny Trails Egg Hunt at Euclid,"Friday, March 28, 2025",Not found,"9800 S. Parnell Ave. Chicago, IL 60628",All Ages,Recreation,Not found,https://www.chicagoparkdistrict.com/events/bunny-trails-egg-hunt-euclid
Chicago Parks,Animal Tales at Big Marsh,"Monday, March 31, 2025",Not found,"11559 S. Stony Island Ave. Chicago, IL 60617",All Ages,Recreation,Not found,https://www.chicagoparkdistrict.com/events/animal-tales-big-marsh-4
Chicago Parks,Out of School Program (Special Rec) at Kosciuszko,"Thursday, April 03, 2025",Not found,"2732 N. Avers Ave. Chicago, IL 60647",All Ages,Recreation,Not found,https://www.chicagoparkdistrict.com/events/out-school-program-special-rec-kosciuszko-12
Chicago Parks,Earth Day Resource Fair at Dvorak,"Friday, April 11, 2025",Not found,"1119 W. Cullerton St. Chicago, IL 60608",All Ages,Arts/Culture,Not found,https://www.chicagoparkdistrict.com/events/earth-day-resource-fair-dvorak-0
